Empresaongoing,CSM
2P Group,Gustavo
ACS Pro,Bárbara
Agromed,Gustavo
Agromed Patent Brazil,Gustavo
Ayo entregas,Gustavo
Baldussi,Bárbara
BBM Logistica S.A,Bárbara
BEXT,Bárbara
BlueFields,Patrícia Zancan
BMC Hyundai,Bárbara
Briskcom,Gustavo
Briskcom Ltda,Gustavo
Bussola Social,Patrícia Zancan
Cartosul,Natália
Checklist Fácil,Bárbara
Clínica Experts,Natália
Clinica Experts LTDA,Natália
Cloudster,Gustavo
COMUNITIVE,Gustavo
ContaDR,Gustavo
Danka,Gustavo
DYNAMIS IMPORTADORA,Bárbara
E-inscrição,Natália
Eaí,Gustavo
Engeform,Gustavo
Engeform Energia,Gustavo
Flex Solucoes,Bárbara
FLEX SOLUÇÕES,Bárbara
Golden Cloud,Gustavo
GOO,Priscila
Grupo Premier Alimentos,Bárbara
Grupo Vocical,Bárbara
Hartbau,Natália
Hostweb Data Center,Natália
HSM,Natália
HSM DO BRASIL S.A.,Natália
Imagem Geosistemas,Bárbara
IMPLANTEC,Bárbara
Kamino,Natália
kedu,Bárbara
Konstroi,Priscila
Kurier,Bárbara
KX3,Bárbara
Lalan do Brasil,Gustavo
LEMA,Natália
Londrilimp,Gustavo
MAIS SAÚDE,Patricia Zancan
Medika,Bárbara
MERCONORTE,Gustavo
Multibelt,Bárbara
Nasajon,Bárbara
NewSoft,Patricia Zancan
Omni Ribeirão Preto,Priscila
Oneglobal,Bárbara
PADO,Bárbara
PREDIALIZE,Gustavo
Publicações Online,Patricia Zancan
Questor,Bárbara
Rvops,Gustavo
Sidrasul,Bárbara
Sidrasul Sistemas Hidráulicos Ltda,Bárbara
Solides,Bárbara
Sólides,Bárbara
Sólides Tecnologia,Bárbara
Sponte,Natália
Talentos Consultoria,Patricia Zancan
Tecnogera,Bárbara
Teruya Ferramentas,Bárbara
TOTVS Brasil Central,Bárbara
Umbler,Bárbara
VerticalParts,Natália
Voip do Brasil,Natália
WaSpeed,Natália
WaSpeed [Aquisição],Natália
Win Distribuidora,Patricia Zancan
WRID Importadora e Distribuidora,Patricia Zancan
PUCPR,Natália
BS Seguros,Natália
CEM,Natália